214;Unidad de disco externa: lanzador de misiles (verde);1;2500
215;Unidad de disco externa: lanzacohetes (gris);1;2740
216;Periscopio de cubo de oficina (negro);1;2170
218;Unidad flash USB para alimentos - sushi roll;1;1920
219;CPU de jugador - Diseños temáticos de películas;1;330
222;Unidad de disco externa: 1 TB;1;189
224;Unidad de disco externa: rebanada de pizza de 1 TB;1;371
225;Unidad flash USB para alimentos - batido;1;3090
227;Unidad flash USB para alimentos - banana;1;2540
230;Unidad flash USB de alimentos - barra de chocolate;1;1535
233;Unidad flash USB de alimentos - cookie;1;1425
234;Unidad flash USB de alimentos - donut;1;1968
237;Unidad flash USB para alimentos: cóctel de camarones;1;2952
240;Unidad flash USB de alimentos - galleta de la fortuna;1;2580
241;Unidad flash USB para alimentos: paquete de variedad de postre 5 unidades;1;2210
244;Taza de broma de DBA: ¿te importa si me uno a ti? (Blanco) - 10 pz;1;1900
247;Taza de broma de DBA: ¿te importa si me uno a ti? (Negro) - 10 pz;1;2430
248;Taza de broma DBA - daaaaaa-ta (Blanco);1;5736
250;Taza de broma DBA - daaaaaa-ta (negro);1;5592
251;Taza de broma de DBA: puede ser un DBA si (Blanco);1;6072
254;Taza de broma de DBA: puede ser un DBA si (negro);1;5400
256;Taza de broma DBA - depende (Blanco);1;6240
258;Taza de broma DBA - depende (negro);1;6888
260;Taza de broma de DBA - Te pondré en orden (Blanco);1;6096
261;Taza de broma de DBA - Te pondré en orden (Negro);1;4296
263;Taza de broma DBA - SELECCIONE cafeína de la taza (Blanco);1;6600
264;Taza de broma DBA - SELECCIONE cafeína de la taza (negro);1;4608
265;Taza de broma de DBA: dos tipos de DBA (blanco);1;6552
268;Taza de broma DBA: dos tipos de DBA (negro);1;8892
271;Taza de broma para desarrolladores: 31 de octubre = 25 de diciembre (blanco);1;4880
272;Taza de broma para desarrolladores: 31 de octubre = 25 de diciembre (negro);1;8190
274;Parche de broma para desarrolladores: es un problema de hardware (Blanco);1;7450
276;Parche de broma para desarrolladores: es un problema de hardware (negro);1;4825
278;Developer joke big patch: la diversión era inesperada en este momento (Blanco);1;8425
281;Taza de broma para desarrolladores: la diversión fue inesperada en este momento (Negro);1;8200
283;Taza de broma para desarrolladores: cuando su martillo es C ++ (blanco);1;4350
286;Taza de broma para desarrolladores: cuando su martillo es C ++ (negro);1;4500
287;Parche de broma para desarrolladores: la herencia es la forma OO de hacerse rico (Blanco);1;7100
288;Parche de broma para desarrolladores: la herencia es la forma OO de hacerse rico (Negro);1;5175
289;Desarrollador broma parche - (cadera, cadera, matriz) (Blanco);1;6150
290;Developer joke patch - (cadera, cadera, matriz) (negro);1;6725
292;Taza de broma para desarrolladores: comprender la recursividad requiere comprender la recursividad (Blanco);1;6575
293;Parche de broma para desarrolladores: comprender la recursividad requiere comprender la recursividad (Negro);1;8450
294;Kit electrónico de broma para desarrolladores: hay 10 tipos de personas en el mundo (Blanco);1;329
297;Kit electrónico de broma para desarrolladores: hay 10 tipos de personas en el mundo (Negro);1;233
299;Kit electrónico de broma para desarrolladores: un foo entra en un bar (Blanco);1;225
301;Desarrollador broma pequeño kit electrónico - un foo entra en un bar (Negro);1;2350
302;Desarrollador broma taza electrónica: este código fue generado por una herramienta (Blanco);1;2720
303;Desarrollador broma taza electrónica: este código fue generado por una herramienta (Negro);1;3100
306;Developer joke electronic kit 3 tazas - los desarrolladores de C viejos nunca mueren (Blanco);1;2180
309;Taza electrónica de broma del desarrollador: los desarrolladores antiguos de C nunca mueren (Negro);1;2100
311;IT broma taza electrónica - teclado no encontrado ... presione F1 para continuar (Blanco);1;2660
313;Broma electrónica 3 tazas - teclado no encontrado ... presione F1 para continuar (Negro);1;3210
316;Taza electrónica de broma de TI: ese comportamiento es por diseño (Blanco);1;2590
319;Taza de broma de TI: ese comportamiento es por diseño (negro);1;3070
320;IT broma electrónica kit 3 tazas - hardware: parte de la computadora que se puede patear (Blanco);1;2420
322;IT broma mug - hardware: parte de la computadora que se puede patear (Negro);1;1900
325;Coche de juguete RC con control remoto (negro) escala 1/50;4;2590
326;Coche de juguete RC con control remoto (Rojo) escala 1/30;4;2340
327;Coche de juguete RC con control remoto (Azul) escala 1/50;4;1920
328;Coche de juguete RC con control remoto (Verde) escala 1/50;4;2940
331;Coche sedán de juguete RC con control remoto (Amarillo) escala 1/30;4;2070
332;Coche sedán de juguete RC con control remoto (rosa) escala 1/50;4;2650
334;RC cupé de juguete americano vintage con control remoto (rojo) escala 1/50;4;1970
336;RC cupé de juguete americano vintage con control remoto (negro) escala 1/50;4;2860
338;Camión monstruo RC de rueda grande con control remoto (negro) escala 1/50;4;2790
340;Coche sedán de juguete (negro) escala 1/50;4;3060
342;Coche sedán de juguete para montar (rojo) escala 1/12;4;261
343;Coche sedán de juguete  para montar (azul) escala 1/12;4;252
346;Coche sedán de juguete para montar (verde) escala 1/12;4;287
348;Paseo en coche sedán de juguete (amarillo) escala 1/12;4;2604
349;Coche sedán de juguete para montar (rosa) escala 1/12;4;3240
350;Viaja en un coupé de juguete americano vintage (rojo) escala 1/12;4;2136
352;Viaja en un coupé de juguete americano antiguo (negro) escala 1/12;4;2388
354;Camión monstruo de rueda grande para montar (negro) escala 1/12;4;2964
356;The Gu camiseta roja etiqueta XML camiseta (Blanco) 3XS;3;2508
357;The Gu camiseta roja etiqueta XML camiseta (Blanco) XXS;3;2328
360;The Gu camiseta roja etiqueta XML camiseta (Blanco) XS;3;3612
361;"""Calcetines """"The Gu"""" (Blanco) S""";3;2916
364;"""Calcetines """"The Gu"""" (Blanco) M""";3;3540
366;"""Calcetines rojos """"The Gu"""" (Blanco) L""";3;2808
368;"""Calcetines """"The Gu"""" (Blanco) XL""";3;2988
370;The Gu camiseta roja etiqueta XML camiseta (Blanco) XXL;3;259
372;The Gu camiseta roja etiqueta XML camiseta (Blanco) 3XL;3;316
373;The Gu camiseta roja etiqueta XML camiseta (Blanco) 4XL;3;221
376;The Gu camisa roja etiqueta XML camiseta (Blanco) 5XL;3;182
377;The Gu camiseta roja etiqueta XML camiseta (Blanco) 6XL;3;315
380;The Gu camiseta roja etiqueta XML camiseta (Blanco) 7XL;3;280
382;The Gu camiseta roja etiqueta XML camiseta (Negro) 3XS;3;246
385;The Gu camiseta roja etiqueta XML camiseta (Negro) XXS;3;289
387;The Gu camiseta roja etiqueta XML camiseta (Negro) XS;3;368
388;The Gu camiseta roja etiqueta XML camiseta (Negro) S;3;224
390;The Gu camiseta roja etiqueta XML camiseta (Negro) M;3;221
393;The Gu camiseta roja etiqueta XML camiseta (Negro) L;3;294
394;The Gu camiseta roja etiqueta XML camiseta (Negro) XL;3;267
395;The Gu camiseta roja etiqueta XML camiseta (Negro) XXL;3;318
397;The Gu camiseta roja etiqueta XML camiseta (Negro) 3XL;3;274
399;The Gu camiseta roja etiqueta XML camiseta (Negro) 4XL;3;277
401;The Gu camiseta roja etiqueta XML camiseta (Negro) 5XL;3;302
404;The Gu camiseta roja etiqueta XML camiseta (Negro) 6XL;3;315
407;The Gu camiseta roja etiqueta XML camiseta (Negro) 7XL;3;305
408;Alien officer hoodie (negro) XL;1;271
411;Alien officer hoodie (negro) XXL;1;283
414;Alien officer hoodie (negro) 3XL;1;341
416;Alien officer hoodie (negro) 4XL;1;322
419;Alien officer hoodie (negro) 5XL;1;259
422;Chaqueta de acción de superhéroe (azul) 3XS;3;228
425;Chaqueta de acción de superhéroe (azul) XXS;3;241
428;Chaqueta de acción de superhéroe (azul) XS;3;296
430;Chaqueta de acción de superhéroe (azul) S;3;247
433;Chaqueta de acción de superhéroe (azul) M;3;316
434;Chaqueta de acción de superhéroe (azul) L;3;295
437;Chaqueta de acción de superhéroe (azul) XL;3;232
438;Chaqueta de acción de superhéroe (azul) XXL;3;267
441;Chaqueta de acción de superhéroe (azul) 3XL;3;245
443;Chaqueta de acción de superhéroe (azul) 4XL;3;224
444;Chaqueta de acción de superhéroe (azul) 5XL;3;300
447;Zapatillas de dinosaurio con batería (Verde) S;5;266
449;Zapatillas de dinosaurio con batería (verde) M;5;3216
451;Zapatillas de dinosaurio con batería (Verde) L;5;3720
454;Zapatillas de dinosaurio con batería (verde) XL;5;2940
456;Zapatillas de ogro con pilas (verde) S;5;1308
458;Zapatillas de ogro con pilas (verde) M;5;2328
461;Zapatillas de ogro con pilas (verde) L;5;2952
463;Zapatillas de ogro con pilas (verde) XL;5;2556
464;Zapatillas de tiburón de felpa (gris) S;5;2364
465;Zapatillas de tiburón de felpa (gris) M;5;3384
468;Zapatillas de tiburón de felpa (gris) L;5;2232
470;Zapatillas de tiburón de felpa (gris) XL;5;3432
473;Gorila peludo con zapatillas de ojos grandes (Negro) S;5;2604
475;Gorila peludo con zapatillas de ojos grandes (Negro) M;5;3444
476;Gorila peludo con zapatillas de ojos grandes (Negro) L;5;2856
478;Gorila peludo con zapatillas de ojos grandes (Negro) XL;5;3300
479;Animal con zapatillas de pies grandes (Marrón) S;5;1368
480;Animal con zapatillas de pies grandes (Marrón) M;5;2736
481;Animal con zapatillas de pies grandes (Marrón) L;5;2676
482;Animal con zapatillas de pies grandes (Marrón) XL;5;3312
483;Calcetines de animales peludos (rosa) S;5;2760
485;Calcetines de animales peludos (rosa) M;5;2736
487;Calcetines de animales peludos (rosa) L;5;2628
489;Calcetines de animales peludos (rosa) XL;5;3228
492;Máscara de zombie de Halloween (marrón claro) S;4;1284
495;Máscara de zombie de Halloween (marrón claro) M;4;1368
498;Máscara de zombie de Halloween (marrón claro) L;4;3372
501;Coche electrónico manejable a escala 1/6 para niños (Marrón);4;262
503;Scooter electrónico de largo alcance;4;324
504;Coche electrónico manejable a escala 1/6 para niños (gris);4;290
507;Coche electrónico para niños a escala 1/5 (gris);4;257
508;Coche electrónico para niños a escala 1/5 (gris) - Limitado;4;260
510;Pack de 12 figuras de acción electrónicas (variedad);4;304
512;Pack de 12 figuras de acción electrónicas (masculinas);4;241
513;Pack de 12 figuras de acción electrónicas (hembra);4;257
514;Máquina industrial de plástico de burbujas de tamaño pequeño;2;194
516;Rollo de envoltura de burbujas de tamaño mediano 20 m (paquete);2;269
518;Rollo de plástico de burbujas de gran tamaño 50m;2;279
519;10 mm Plástico de burbujas de doble cara 10m;2;281
521;Plástico de burbujas de doble cara de 10 mm 20 m;2;249
524;Plástico de burbujas de doble cara de 10 mm 50m;2;338
525;Envoltura de burbujas de doble cara de 20 mm Paquete de 10 m;2;254
528;Plástico de burbujas de doble cara de 25 mm, 8 m;2;273
530;Plástico de burbujas de doble cara de 20 mm 50m;2;325
533;32 mm de doble cara de plástico de burbujas 10m;2;308
536;32 mm de doble cara de plástico de burbujas 5m;2;315
539;Plástico de burbujas de doble cara de 5 mm 50m;2;228
541;Envoltura de burbujas antiestática de 10 mm (azul) 10 m;2;255
543;Envoltura de burbujas antiestática de 10 mm (azul) 20 m;2;287
545;Plástico antiestático de 5 mm (azul) 50m;2;259
547;Envoltura de burbujas antiestática de 20 mm (azul) 10 m;2;341
548;Envoltura de burbujas antiestática de 20 mm (azul) 20 m;2;244
549;Envoltura de burbujas antiestática de 20 mm (azul) 50 m;2;353
552;Plástico antiestático de 32 mm (azul) 10 m;2;264
553;Envoltura de burbujas antiestática de 34 mm (azul) 20 m;2;323
554;Envoltura de burbujas antiestática de 32 mm (azul) 15 m;2;273
555;Reemplazo del dispensador de plástico de burbujas (negro) 1.5m;2;300
557;Reemplazo del dispensador de plástico de burbujas (azul) 1.5m;2;292
559;Reemplazo del dispensador de plástico de burbujas (rojo) 1.5m;2;323
560;Embalaje de envío (Marrón) 413x285x187mm;2;234
563;Embalaje de envío (Marrón) 500x310x310mm;2;299
566;Embalaje de envío (Marrón) 229x229x229mm;2;297
568;Embalaje de envío (Marrón) 279x254x217mm 50 kg;2;245
570;Embalaje de envío (Marrón) 356x229x229mm 50 kg;2;208
572;Embalaje de envío (Marrón) 457x279x279mm;2;294
573;Embalaje de envío (Marrón) 480x270x320mm;2;226
576;Embalaje de envío (Marrón) 305x305x305mm;2;308
578;Embalaje de envío (Marrón) 356x356x279mm 40 kg;2;254
580;Embalaje de envío (Marrón) 457x457x457mm 30 kg;2;301
583;Buzón Express 50kg (Blanco) 350x280x130mm;2;273
586;Bolsa de correos Courier de 30 kg (Blanco) 300x190x95mm;2;300
588;Cinta de embalaje transparente 48 mm x 75 m;2;325
589;Cinta de embalaje transparente 48 mm x 100 m;2;226
592;Cinta de envío frágil negra y naranja 48mmx75m;2;339
595;Cinta de envío frágil negra y naranja 48mmx100m;2;348
598;Cristal negro y naranja con cinta de despacho cuidado 48mmx75m;2;224
601;Vidrio negro y naranja con cinta de envío de cuidado 48mmx100m;2;185
602;Mango negro y naranja con cinta de envío de cuidado 48mmx75m;2;313
603;Mango negro y naranja con cinta de envío de cuidado 48mmx100m (2);2;262
604;Cinta de envío negra y naranja de esta manera hacia arriba 48 mm x 75 m;2;323
606;Cinta de envío negra y naranja de esta manera hacia arriba 48 mm x 100 m;2;319
608;Cinta de envío pesada negra y amarilla 48mmx75m;2;327
611;Cinta de envío pesada negra y amarilla 48mmx100m;2;272
613;Cinta de envío urgente roja y blanca 48mmx75m;2;231
614;Cinta de despacho pesada urgente roja y blanca 48mmx100m;2;256
616;Dispensador de cinta (negro);2;304
617;Dispensador de cinta (rojo);2;259
618;Máquina dispensadora de cinta industrial (Azul);2;300
619;Kit marcador permanente negro 5 mm plumín (negro) 5 mm;2;236
620;Kit marcador permanente azul 5 mm plumín (azul) 5 mm;2;279
623;Kit marcador permanente rojo 5 mm plumín (rojo) 5 mm;2;232
626;Cuchillo de embalaje con hoja de inserción de metal (amarillo) 9 mm;2;208
627;Cuchillo de embalaje con hoja de inserción de metal (amarillo) 18 mm;2;224
630;Pequeñas cuchillas de repuesto de 9 mm 9 mm;2;265
633;Hojas de repuesto grandes de 18 mm (calidad diamante);2;212
634;Película de colchón de aire 200 mm x 100 mm 35 m;2;249
636;Película de colchón de aire 200 mm x 200 mm 35 m;2;328
639;Reemplazo de la máquina de colchón de aire (azul);2;226
642;Bolsa de 100 L de relleno vacío (Blanco) 100L (paquete);2;238
645;Bolsa de 200 L de relleno vacío (Blanco) 200L;2;2250
647;Bolsa de 300 L de relleno vacío (Blanco) 300L;2;326
650;Bolsa de relleno vacío 400 L (blanco) 400L;2;246
